source,url,title,price_raw,price_value,currency,make,model,trim,year,mileage_raw,mileage_km,engine_raw,engine_cc,fuel,transmission,drive,body_type,color,steering,doors,seats,stock_no,chassis_no,location,scraped_at_utc
beforward,https://www.beforward.jp/support/help-center/create-an-account,BE FORWARD Support: How to Sign Up | BE FORWARD,"Under $500 $500 - $1,000 $1,000 - $1,500 $1,500 - $2,000 $2,000 - $2,500 $2,500 - $4,000 Over $4,000",500.0,USD,TOYOTA NISSAN HONDA MAZDA MITSUBISHI SUBARU SUZUKI ISUZU DAIHATSU HINO LEXUS,HELP CENTER,,2011,,,Account Information Consignee Information Remitter Information Check your Deposit Language Preferences Update your Password Favorites Notify Me Save Search,,,,,,,,,,,,"Japan (307,645) Korea (197,964) Thailand (7,091) United Kingdom (8,966) Singapore (2,892) UAE (3,940) South Africa (93) Taiwan (1,409) Australia (1,872) Philippines (310) Belgium (639)",2026-05-17T20:16:07.791831+00:00
beforward,https://www.beforward.jp/support/help-center/reset-my-password,BE FORWARD Support: How to Update Password | BE FORWARD,"Under $500 $500 - $1,000 $1,000 - $1,500 $1,500 - $2,000 $2,000 - $2,500 $2,500 - $4,000 Over $4,000",500.0,USD,TOYOTA NISSAN HONDA MAZDA MITSUBISHI SUBARU SUZUKI ISUZU DAIHATSU HINO LEXUS,HELP CENTER,,2011,,,Account Information Consignee Information Remitter Information Check your Deposit Language Preferences Update your Password Favorites Notify Me Save Search,,,,,,,,,,,,"Japan (307,645) Korea (197,964) Thailand (7,091) United Kingdom (8,966) Singapore (2,892) UAE (3,940) South Africa (93) Taiwan (1,409) Australia (1,872) Philippines (310) Belgium (639)",2026-05-17T20:16:10.105263+00:00
beforward,https://www.beforward.jp/support/help-center/edit-my-password,BE FORWARD Support: How to Edit Password | BE FORWARD,"Under $500 $500 - $1,000 $1,000 - $1,500 $1,500 - $2,000 $2,000 - $2,500 $2,500 - $4,000 Over $4,000",500.0,USD,TOYOTA NISSAN HONDA MAZDA MITSUBISHI SUBARU SUZUKI ISUZU DAIHATSU HINO LEXUS,HELP CENTER,,2011,,,Account Information Consignee Information Remitter Information Check your Deposit Language Preferences Update your Password Favorites Notify Me Save Search,,,,,,,,,,,,"Japan (307,645) Korea (197,964) Thailand (7,091) United Kingdom (8,966) Singapore (2,892) UAE (3,940) South Africa (93) Taiwan (1,409) Australia (1,872) Philippines (310) Belgium (639)",2026-05-17T20:16:12.424658+00:00
beforward,https://www.beforward.jp/toyota/alphard/cd058878/id/15010299/,BE FORWARD : 2021 TOYOTA Alphard,22590,22590.0,USD,TOYOTA NISSAN HONDA MAZDA MITSUBISHI SUBARU SUZUKI ISUZU DAIHATSU HINO LEXUS,3BA-AGH30W,,2021,Year,,Trans.,,Petrol,Automatic,2wheel drive,,Black,Right,5,,CD058878,AGH30-9021889,KYUSHU,2026-05-17T20:16:16.447046+00:00
beforward,https://www.beforward.jp/toyota/alphard/cd058901/id/15010322/,BE FORWARD : 2020 TOYOTA Alphard,21560,21560.0,USD,TOYOTA NISSAN HONDA MAZDA MITSUBISHI SUBARU SUZUKI ISUZU DAIHATSU HINO LEXUS,3BA-AGH30W,,2020,Year,,Trans.,,Petrol,Automatic,2wheel drive,,Pearl,Right,5,,CD058901,AGH30-0324669,KYUSHU,2026-05-17T20:16:20.541063+00:00
beforward,https://www.beforward.jp/toyota/alphard/cd253203/id/15205704/,BE FORWARD : 2020 TOYOTA Alphard,26400,26400.0,USD,TOYOTA NISSAN HONDA MAZDA MITSUBISHI SUBARU SUZUKI ISUZU DAIHATSU HINO LEXUS,3BA-AGH30W,,2020,Year,,Trans.,,Petrol,Automatic,2wheel drive,,Pearl,Right,5,,CD253203,AGH30-0311347,YOKOHAMA,2026-05-17T20:16:24.345889+00:00
beforward,https://www.beforward.jp/toyota/alphard/cd253245/id/15205746/,BE FORWARD : 2020 TOYOTA Alphard,19870,19870.0,USD,TOYOTA NISSAN HONDA MAZDA MITSUBISHI SUBARU SUZUKI ISUZU DAIHATSU HINO LEXUS,AGH30W,,2020,Year,,Trans.,,Petrol,Automatic,2wheel drive,,Gray,Right,5,,CD253245,AGH30-0329584,NAGOYA,2026-05-17T20:16:28.182644+00:00
beforward,https://www.beforward.jp/toyota/alphard/cd253392/id/15205893/,BE FORWARD : 2019 TOYOTA Alphard,25890,25890.0,USD,TOYOTA NISSAN HONDA MAZDA MITSUBISHI SUBARU SUZUKI ISUZU DAIHATSU HINO LEXUS,DBA-AGH30W,,2019,Year,,Trans.,,Petrol,Automatic,2wheel drive,,Pearl,Right,5,,CD253392,AGH30-0257467,KOBE,2026-05-17T20:16:32.031923+00:00
beforward,https://www.beforward.jp/toyota/alphard-hybrid/cd253221/id/15205722/,BE FORWARD : 2023 TOYOTA Alphard Hybrid,35200,35200.0,USD,TOYOTA NISSAN HONDA MAZDA MITSUBISHI SUBARU SUZUKI ISUZU DAIHATSU HINO LEXUS,6AA-AAHH40W,,2023,Year,,Trans.,,Hybrid(Petrol),Automatic,2wheel drive,,Pearl,Right,5,,CD253221,AAHH40-0007104,KYUSHU,2026-05-17T20:16:35.899031+00:00
beforward,https://www.beforward.jp/toyota/alphard-hybrid/cd253239/id/15205740/,BE FORWARD : 2013 TOYOTA Alphard Hybrid,8080,8080.0,USD,TOYOTA NISSAN HONDA MAZDA MITSUBISHI SUBARU SUZUKI ISUZU DAIHATSU HINO LEXUS,DAA-ATH20W,,2013,Year,,Trans.,,Hybrid(Petrol),Automatic,4wheel drive,,Black,Right,5,,CD253239,ATH20-8031349,YOKOHAMA,2026-05-17T20:16:39.587118+00:00
beforward,https://www.beforward.jp/toyota/alphard-hybrid/cd253346/id/15205847/,BE FORWARD : 2025 TOYOTA Alphard Hybrid,36280,36280.0,USD,TOYOTA NISSAN HONDA MAZDA MITSUBISHI SUBARU SUZUKI ISUZU DAIHATSU HINO LEXUS,6AA-AAHH45W,,2025,Year,,Trans.,,Hybrid(Petrol),Automatic,4wheel drive,,Pearl,Right,5,,CD253346,AAHH45-0038811,YOKOHAMA,2026-05-17T20:16:43.289770+00:00
beforward,https://www.beforward.jp/toyota/alphard-hybrid/cd253364/id/15205865/,BE FORWARD : 2026 TOYOTA Alphard Hybrid,49210,49210.0,USD,TOYOTA NISSAN HONDA MAZDA MITSUBISHI SUBARU SUZUKI ISUZU DAIHATSU HINO LEXUS,6AA-AAHH45W,,2026,Year,,Trans.,,Hybrid(Petrol),Automatic,4wheel drive,,Black,Right,5,,CD253364,AAHH45-0065407,HOKKAIDO,2026-05-17T20:16:46.943845+00:00
beforward,https://www.beforward.jp/toyota/auris/cd253372/id/15205873/,BE FORWARD : 2010 TOYOTA Auris,4640,4640.0,USD,TOYOTA NISSAN HONDA MAZDA MITSUBISHI SUBARU SUZUKI ISUZU DAIHATSU HINO LEXUS,NZE151H,,2010,Year,,Trans.,,Petrol,Automatic,2wheel drive,,Pearl,Right,5,,CD253372,NZE151-1072668,KOBE,2026-05-17T20:16:50.643765+00:00
beforward,https://www.beforward.jp/toyota/camry/cc371157/id/14390058/,BE FORWARD : 2017 TOYOTA Camry,12050,12050.0,USD,TOYOTA NISSAN HONDA MAZDA MITSUBISHI SUBARU SUZUKI ISUZU DAIHATSU HINO LEXUS,DAA-AXVH70,,2017,Year,,Trans.,,Hybrid(Petrol),Automatic,2wheel drive,,Pearl,Right,4,,CC371157,AXVH70-1009609,NAGOYA,2026-05-17T20:16:54.320975+00:00
beforward,https://www.beforward.jp/toyota/crown-hybrid/cd131712/id/15083950/,BE FORWARD : 2020 TOYOTA Crown Hybrid,23120,23120.0,USD,TOYOTA NISSAN HONDA MAZDA MITSUBISHI SUBARU SUZUKI ISUZU DAIHATSU HINO LEXUS,6AA-AZSH20,,2020,Year,,Trans.,,Hybrid(Petrol),Automatic,2wheel drive,,Pearl,Right,5,,CD131712,AZSH20-1064750,YOKOHAMA,2026-05-17T20:17:01.870841+00:00
beforward,https://www.beforward.jp/toyota/crown-hybrid/cd253205/id/15205706/,BE FORWARD : 2020 TOYOTA Crown Hybrid,15790,15790.0,USD,TOYOTA NISSAN HONDA MAZDA MITSUBISHI SUBARU SUZUKI ISUZU DAIHATSU HINO LEXUS,6AA-AZSH20,,2020,Year,,Trans.,,Hybrid(Petrol),Automatic,2wheel drive,,Pearl,Right,4,,CD253205,AZSH20-1059794,KYOTO,2026-05-17T20:17:05.682731+00:00
beforward,https://www.beforward.jp/toyota/crown-hybrid/cd253277/id/15205778/,BE FORWARD : 2015 TOYOTA Crown Hybrid,15270,15270.0,USD,TOYOTA NISSAN HONDA MAZDA MITSUBISHI SUBARU SUZUKI ISUZU DAIHATSU HINO LEXUS,AWS210,,2015,Year,,Trans.,,Hybrid(Petrol),Automatic,2wheel drive,,Pearl,Right,5,,CD253277,AWS210-6090699,KYUSHU,2026-05-17T20:17:09.351327+00:00
beforward,https://www.beforward.jp/toyota/crown-hybrid/cd253347/id/15205848/,BE FORWARD : 2018 TOYOTA Crown Hybrid,23780,23780.0,USD,TOYOTA NISSAN HONDA MAZDA MITSUBISHI SUBARU SUZUKI ISUZU DAIHATSU HINO LEXUS,6AA-AZSH21,,2018,Year,,Trans.,,Hybrid(Petrol),Automatic,4wheel drive,,Pearl,Right,5,,CD253347,AZSH21-1001987,HOKKAIDO,2026-05-17T20:17:13.149744+00:00
beforward,https://www.beforward.jp/toyota/harrier/cd200553/id/15153605/,BE FORWARD : 2019 TOYOTA Harrier,11930,11930.0,USD,TOYOTA NISSAN HONDA MAZDA MITSUBISHI SUBARU SUZUKI ISUZU DAIHATSU HINO LEXUS,DBA-ZSU60W,,2019,Year,,Trans.,,Petrol,Automatic,2wheel drive,,Pearl,Right,5,,CD200553,ZSU60-0168654,YOKOHAMA,2026-05-17T20:17:16.808863+00:00
beforward,https://www.beforward.jp/toyota/harrier/cd253223/id/15205724/,BE FORWARD : 2021 TOYOTA Harrier,21860,21860.0,USD,TOYOTA NISSAN HONDA MAZDA MITSUBISHI SUBARU SUZUKI ISUZU DAIHATSU HINO LEXUS,MXUA80,,2021,Year,,Trans.,,Petrol,Automatic,2wheel drive,,Pearl,Right,5,,CD253223,MXUA80-0037246,KOBE,2026-05-17T20:17:20.649613+00:00
beforward,https://www.beforward.jp/toyota/harrier/cd253367/id/15205868/,BE FORWARD : 2017 TOYOTA Harrier,14140,14140.0,USD,TOYOTA NISSAN HONDA MAZDA MITSUBISHI SUBARU SUZUKI ISUZU DAIHATSU HINO LEXUS,DBA-ZSU60W,,2017,Year,,Trans.,,Petrol,Automatic,2wheel drive,,Pearl,Right,5,,CD253367,ZSU60-0139859,KYUSHU,2026-05-17T20:17:24.651410+00:00
beforward,https://www.beforward.jp/toyota/harrier/cd253376/id/15205877/,BE FORWARD : 2019 TOYOTA Harrier,16560,16560.0,USD,TOYOTA NISSAN HONDA MAZDA MITSUBISHI SUBARU SUZUKI ISUZU DAIHATSU HINO LEXUS,DBA-ZSU60W,,2019,Year,,Trans.,,Petrol,Automatic,2wheel drive,,Black,Right,5,,CD253376,ZSU60-0175096,KYUSHU,2026-05-17T20:17:28.352210+00:00
beforward,https://www.beforward.jp/toyota/harrier/cd253386/id/15205887/,BE FORWARD : 2021 TOYOTA Harrier,16340,16340.0,USD,TOYOTA NISSAN HONDA MAZDA MITSUBISHI SUBARU SUZUKI ISUZU DAIHATSU HINO LEXUS,6BA-MXUA85,,2021,Year,,Trans.,,Petrol,Automatic,4wheel drive,,Black,Right,5,,CD253386,MXUA85-0008533,YOKOHAMA,2026-05-17T20:17:31.992862+00:00
beforward,https://www.beforward.jp/toyota/harrier/cd253407/id/15205908/,BE FORWARD : 2015 TOYOTA Harrier,11690,11690.0,USD,TOYOTA NISSAN HONDA MAZDA MITSUBISHI SUBARU SUZUKI ISUZU DAIHATSU HINO LEXUS,ZSU60W,,2015,Year,,Trans.,,Petrol,Automatic,2wheel drive,,Black,Right,5,,CD253407,ZSU60-0061154,KYOTO,2026-05-17T20:17:35.943109+00:00
beforward,https://www.beforward.jp/toyota/harrier-hybrid/cd253217/id/15205718/,BE FORWARD : 2021 TOYOTA Harrier Hybrid,22980,22980.0,USD,TOYOTA NISSAN HONDA MAZDA MITSUBISHI SUBARU SUZUKI ISUZU DAIHATSU HINO LEXUS,6AA-AXUH85,,2021,Year,,Trans.,,Hybrid(Petrol),Automatic,4wheel drive,,Pearl,Right,5,,CD253217,AXUH85-0016643,YOKOHAMA,2026-05-17T20:17:41.658272+00:00
beforward,https://www.beforward.jp/toyota/harrier-hybrid/cd253374/id/15205875/,BE FORWARD : 2018 TOYOTA Harrier Hybrid,18610,18610.0,USD,TOYOTA NISSAN HONDA MAZDA MITSUBISHI SUBARU SUZUKI ISUZU DAIHATSU HINO LEXUS,DAA-AVU65W,,2018,Year,,Trans.,,Hybrid(Petrol),Automatic,4wheel drive,,Black,Right,5,,CD253374,AVU65-0060720,HOKKAIDO,2026-05-17T20:17:45.769919+00:00
beforward,https://www.beforward.jp/toyota/hiace-wagon/cd253185/id/15205686/,BE FORWARD : 2021 TOYOTA Hiace Wagon,22480,22480.0,USD,TOYOTA NISSAN HONDA MAZDA MITSUBISHI SUBARU SUZUKI ISUZU DAIHATSU HINO LEXUS,3BA-TRH214W,,2021,Year,,Trans.,,Petrol,Automatic,2wheel drive,,Silver,Right,4,,CD253185,TRH214-0064171,YOKOHAMA,2026-05-17T20:17:52.831297+00:00
beforward,https://www.beforward.jp/toyota/hilux/cd253834/id/15206337/,BE FORWARD : 2012 TOYOTA Hilux,14170,14170.0,USD,TOYOTA NISSAN HONDA MAZDA MITSUBISHI SUBARU SUZUKI ISUZU DAIHATSU HINO LEXUS,-,,2012,Year,,Trans.,,Diesel,Manual,4wheel drive,,Blue,Right,4,5,CD253834,AHT85782,UNITED KINGDOM,2026-05-17T20:17:57.315962+00:00
beforward,https://www.beforward.jp/toyota/hilux/cd253835/id/15206338/,BE FORWARD : 2012 TOYOTA Hilux,8670,8670.0,USD,TOYOTA NISSAN HONDA MAZDA MITSUBISHI SUBARU SUZUKI ISUZU DAIHATSU HINO LEXUS,-,,2012,Year,,Trans.,,Diesel,Manual,4wheel drive,,Black,Right,4,5,CD253835,AHT85783,UNITED KINGDOM,2026-05-17T20:18:01.192044+00:00
beforward,https://www.beforward.jp/toyota/hilux/cd253836/id/15206339/,BE FORWARD : 2018 TOYOTA Hilux,35270,35270.0,USD,TOYOTA NISSAN HONDA MAZDA MITSUBISHI SUBARU SUZUKI ISUZU DAIHATSU HINO LEXUS,-,,2018,Year,,Trans.,,Diesel,Automatic,4wheel drive,,Black,Right,4,5,CD253836,AHT85784,UNITED KINGDOM,2026-05-17T20:18:05.116557+00:00
beforward,https://www.beforward.jp/toyota/hilux/cd253837/id/15206340/,BE FORWARD : 2017 TOYOTA Hilux,18650,18650.0,USD,TOYOTA NISSAN HONDA MAZDA MITSUBISHI SUBARU SUZUKI ISUZU DAIHATSU HINO LEXUS,-,,2017,Year,,Trans.,,Diesel,Manual,4wheel drive,,White,Right,4,5,CD253837,AHT85785,UNITED KINGDOM,2026-05-17T20:18:08.731535+00:00
beforward,https://www.beforward.jp/toyota/hilux/cd253838/id/15206341/,BE FORWARD : 2018 TOYOTA Hilux,31300,31300.0,USD,TOYOTA NISSAN HONDA MAZDA MITSUBISHI SUBARU SUZUKI ISUZU DAIHATSU HINO LEXUS,-,,2018,Year,,Trans.,,Diesel,Automatic,4wheel drive,,Gray,Right,4,5,CD253838,AHT85786,UNITED KINGDOM,2026-05-17T20:18:12.575051+00:00
beforward,https://www.beforward.jp/toyota/hilux/cd253839/id/15206342/,BE FORWARD : 2018 TOYOTA Hilux,13160,13160.0,USD,TOYOTA NISSAN HONDA MAZDA MITSUBISHI SUBARU SUZUKI ISUZU DAIHATSU HINO LEXUS,-,,2018,Year,,Trans.,,Diesel,Manual,4wheel drive,,White,Right,4,5,CD253839,AHT85787,UNITED KINGDOM,2026-05-17T20:18:16.371769+00:00
beforward,https://www.beforward.jp/toyota/hilux/cd253840/id/15206343/,BE FORWARD : 2018 TOYOTA Hilux,30400,30400.0,USD,TOYOTA NISSAN HONDA MAZDA MITSUBISHI SUBARU SUZUKI ISUZU DAIHATSU HINO LEXUS,-,,2018,Year,,Trans.,,Diesel,Manual,4wheel drive,,Blue,Right,4,5,CD253840,AHT85788,UNITED KINGDOM,2026-05-17T20:18:20.505529+00:00
beforward,https://www.beforward.jp/toyota/hilux/cd253841/id/15206344/,BE FORWARD : 2003 TOYOTA Hilux,8030,8030.0,USD,TOYOTA NISSAN HONDA MAZDA MITSUBISHI SUBARU SUZUKI ISUZU DAIHATSU HINO LEXUS,-,,2003,Year,,Trans.,,Diesel,Manual,4wheel drive,,White,Right,4,5,CD253841,AHT85789,UNITED KINGDOM,2026-05-17T20:18:24.605699+00:00
beforward,https://www.beforward.jp/toyota/hilux/cd253842/id/15206345/,BE FORWARD : 2005 TOYOTA Hilux,10490,10490.0,USD,TOYOTA NISSAN HONDA MAZDA MITSUBISHI SUBARU SUZUKI ISUZU DAIHATSU HINO LEXUS,-,,2005,Year,,Trans.,,Diesel,Manual,4wheel drive,,White,Right,4,5,CD253842,AHT85790,UNITED KINGDOM,2026-05-17T20:18:28.848222+00:00
beforward,https://www.beforward.jp/toyota/hilux/cd253843/id/15206346/,BE FORWARD : 2018 TOYOTA Hilux,32970,32970.0,USD,TOYOTA NISSAN HONDA MAZDA MITSUBISHI SUBARU SUZUKI ISUZU DAIHATSU HINO LEXUS,-,,2018,Year,,Trans.,,Diesel,Manual,4wheel drive,,Gray,Right,4,5,CD253843,AHT85791,UNITED KINGDOM,2026-05-17T20:18:33.084927+00:00
beforward,https://www.beforward.jp/toyota/hilux/cd253844/id/15206347/,BE FORWARD : 2017 TOYOTA Hilux,29000,29000.0,USD,TOYOTA NISSAN HONDA MAZDA MITSUBISHI SUBARU SUZUKI ISUZU DAIHATSU HINO LEXUS,-,,2017,Year,,Trans.,,Diesel,Automatic,4wheel drive,,Blue,Right,4,5,CD253844,AHT85792,UNITED KINGDOM,2026-05-17T20:18:37.153775+00:00
beforward,https://www.beforward.jp/toyota/land-cruiser/cd253371/id/15205872/,BE FORWARD : 2024 TOYOTA Land Cruiser,36800,36800.0,USD,TOYOTA NISSAN HONDA MAZDA MITSUBISHI SUBARU SUZUKI ISUZU DAIHATSU HINO LEXUS,3BA-TRJ250W,,2024,Year,,Trans.,,Petrol,Automatic,4wheel drive,,Pearl,Right,5,,CD253371,TRJ250-0009987,KYUSHU,2026-05-17T20:18:41.168425+00:00
beforward,https://www.beforward.jp/toyota/land-cruiser/cd253399/id/15205900/,BE FORWARD : 2025 TOYOTA Land Cruiser,37690,37690.0,USD,TOYOTA NISSAN HONDA MAZDA MITSUBISHI SUBARU SUZUKI ISUZU DAIHATSU HINO LEXUS,3BA-TRJ250W,,2025,Year,,Trans.,,Petrol,Automatic,4wheel drive,,Pearl,Right,5,,CD253399,TRJ250-0019278,NAGOYA,2026-05-17T20:18:45.070021+00:00
beforward,https://www.beforward.jp/toyota/land-cruiser/cd253701/id/15206202/,BE FORWARD : 2002 TOYOTA Land Cruiser,13450,13450.0,USD,TOYOTA NISSAN HONDA MAZDA MITSUBISHI SUBARU SUZUKI ISUZU DAIHATSU HINO LEXUS,-,,2002,Year,,Trans.,,Diesel,Automatic,4wheel drive,,Silver,Right,5,8,CD253701,AHT1395081,UNITED KINGDOM,2026-05-17T20:18:49.381139+00:00
beforward,https://www.beforward.jp/toyota/land-cruiser/cd253703/id/15206204/,BE FORWARD : 2004 TOYOTA Land Cruiser,15610,15610.0,USD,TOYOTA NISSAN HONDA MAZDA MITSUBISHI SUBARU SUZUKI ISUZU DAIHATSU HINO LEXUS,-,,2004,Year,,Trans.,,Petrol,Automatic,4wheel drive,,Gold,Right,5,8,CD253703,AHT1395082,UNITED KINGDOM,2026-05-17T20:18:53.577364+00:00
beforward,https://www.beforward.jp/toyota/land-cruiser/cd253706/id/15206207/,BE FORWARD : 2012 TOYOTA Land Cruiser,29050,29050.0,USD,TOYOTA NISSAN HONDA MAZDA MITSUBISHI SUBARU SUZUKI ISUZU DAIHATSU HINO LEXUS,-,,2012,Year,,Trans.,,Diesel,Automatic,4wheel drive,,Black,Right,5,7,CD253706,AHT1395083,UNITED KINGDOM,2026-05-17T20:18:57.722907+00:00
beforward,https://www.beforward.jp/toyota/land-cruiser/cd253898/id/15206401/,BE FORWARD : 2024 TOYOTA Land Cruiser,48470,48470.0,USD,TOYOTA NISSAN HONDA MAZDA MITSUBISHI SUBARU SUZUKI ISUZU DAIHATSU HINO LEXUS,3DA-GDJ250W,,2024,Year,,Trans.,,Diesel,Automatic,4wheel drive,,White,Right,5,7,CD253898,GDJ250-0010168,OSAKA,2026-05-17T20:19:01.724469+00:00
beforward,https://www.beforward.jp/toyota/land-cruiser-prado/cd253233/id/15205734/,BE FORWARD : 2021 TOYOTA Land Cruiser Prado,26790,26790.0,USD,TOYOTA NISSAN HONDA MAZDA MITSUBISHI SUBARU SUZUKI ISUZU DAIHATSU HINO LEXUS,3DA-GDJ150W,,2021,Year,,Trans.,,Diesel,Automatic,4wheel drive,,Black,Right,5,,CD253233,GDJ150-0066080,TOYAMA,2026-05-17T20:19:05.716888+00:00
beforward,https://www.beforward.jp/toyota/land-cruiser-prado/cd253244/id/15205745/,BE FORWARD : 2021 TOYOTA Land Cruiser Prado,28080,28080.0,USD,TOYOTA NISSAN HONDA MAZDA MITSUBISHI SUBARU SUZUKI ISUZU DAIHATSU HINO LEXUS,3BA-TRJ150W,,2021,Year,,Trans.,,Petrol,Automatic,4wheel drive,,Black,Right,5,,CD253244,TRJ150-0137613,NAGOYA,2026-05-17T20:19:09.612533+00:00
beforward,https://www.beforward.jp/toyota/land-cruiser-prado/cd253365/id/15205866/,BE FORWARD : 2018 TOYOTA Land Cruiser Prado,24200,24200.0,USD,TOYOTA NISSAN HONDA MAZDA MITSUBISHI SUBARU SUZUKI ISUZU DAIHATSU HINO LEXUS,CBA-TRJ150W,,2018,Year,,Trans.,,Petrol,Automatic,4wheel drive,,Black,Right,5,,CD253365,TRJ150-0085067,HOKKAIDO,2026-05-17T20:19:13.446359+00:00
beforward,https://www.beforward.jp/toyota/mark-ii-blit/cd169757/id/15122757/,BE FORWARD : 2003 TOYOTA Mark II Blit,3580,3580.0,USD,TOYOTA NISSAN HONDA MAZDA MITSUBISHI SUBARU SUZUKI ISUZU DAIHATSU HINO LEXUS,TA-JZX110W,,2003,Year,,Trans.,,Petrol,Automatic,2wheel drive,,Black,Right,5,,CD169757,JZX110-0018767,NAGOYA,2026-05-17T20:19:17.398761+00:00
beforward,https://www.beforward.jp/toyota/noah/cd253196/id/15205697/,BE FORWARD : 2017 TOYOTA Noah,14010,14010.0,USD,TOYOTA NISSAN HONDA MAZDA MITSUBISHI SUBARU SUZUKI ISUZU DAIHATSU HINO LEXUS,DBA-ZRR80W,,2017,Year,,Trans.,,Petrol,Automatic,2wheel drive,,Pearl,Right,5,,CD253196,ZRR80-0353203,OSAKA,2026-05-17T20:19:21.141422+00:00
beforward,https://www.beforward.jp/toyota/passo/cd253307/id/15205808/,BE FORWARD : 2017 TOYOTA Passo,5730,5730.0,USD,TOYOTA NISSAN HONDA MAZDA MITSUBISHI SUBARU SUZUKI ISUZU DAIHATSU HINO LEXUS,DBA-M700A,,2017,Year,,Trans.,,Petrol,Automatic,2wheel drive,,Green,Right,5,,CD253307,M700A-0062349,NAGOYA,2026-05-17T20:19:24.837260+00:00
beforward,https://www.beforward.jp/toyota/passo/cd253331/id/15205832/,BE FORWARD : 2021 TOYOTA Passo,8420,8420.0,USD,TOYOTA NISSAN HONDA MAZDA MITSUBISHI SUBARU SUZUKI ISUZU DAIHATSU HINO LEXUS,5BA-M700A,,2021,Year,,Trans.,,Petrol,Automatic,2wheel drive,,Green,Right,5,,CD253331,M700A-0181761,NAGOYA,2026-05-17T20:19:28.580971+00:00
beforward,https://www.beforward.jp/toyota/prius/cd253179/id/15205680/,BE FORWARD : 2023 TOYOTA Prius,23130,23130.0,USD,TOYOTA NISSAN HONDA MAZDA MITSUBISHI SUBARU SUZUKI ISUZU DAIHATSU HINO LEXUS,6AA-MXWH60,,2023,Year,,Trans.,,Hybrid(Petrol),Automatic,2wheel drive,,Pearl,Right,5,,CD253179,MXWH60-4044833,KOBE,2026-05-17T20:19:32.732447+00:00
beforward,https://www.beforward.jp/toyota/prius/cd253219/id/15205720/,BE FORWARD : 2025 TOYOTA Prius,21850,21850.0,USD,TOYOTA NISSAN HONDA MAZDA MITSUBISHI SUBARU SUZUKI ISUZU DAIHATSU HINO LEXUS,6AA-MXWH60,,2025,Year,,Trans.,,Hybrid(Petrol),Automatic,2wheel drive,,Pearl,Right,5,,CD253219,MXWH60-4123978,KOBE,2026-05-17T20:19:36.517330+00:00
beforward,https://www.beforward.jp/toyota/prius/cd253227/id/15205728/,BE FORWARD : 2021 TOYOTA Prius,13750,13750.0,USD,TOYOTA NISSAN HONDA MAZDA MITSUBISHI SUBARU SUZUKI ISUZU DAIHATSU HINO LEXUS,ZVW51,,2021,Year,,Trans.,,Hybrid(Petrol),Automatic,2wheel drive,,Pearl,Right,5,,CD253227,ZVW51-6212672,KYUSHU,2026-05-17T20:19:40.319163+00:00
beforward,https://www.beforward.jp/toyota/prius/cd253242/id/15205743/,BE FORWARD : 2011 TOYOTA Prius,4080,4080.0,USD,TOYOTA NISSAN HONDA MAZDA MITSUBISHI SUBARU SUZUKI ISUZU DAIHATSU HINO LEXUS,DAA-ZVW30,,2011,Year,,Trans.,,Hybrid(Petrol),Automatic,2wheel drive,,Pearl,Right,5,,CD253242,ZVW30-1417138,KYUSHU,2026-05-17T20:19:44.279933+00:00
beforward,https://www.beforward.jp/toyota/prius/cd253258/id/15205759/,BE FORWARD : 2023 TOYOTA Prius,17630,17630.0,USD,TOYOTA NISSAN HONDA MAZDA MITSUBISHI SUBARU SUZUKI ISUZU DAIHATSU HINO LEXUS,6AA-ZVW60,,2023,Year,,Trans.,,Hybrid(Petrol),Automatic,2wheel drive,,Gray,Right,5,,CD253258,ZVW60-4008462,YOKOHAMA,2026-05-17T20:19:48.394828+00:00
beforward,https://www.beforward.jp/toyota/prius/cd253262/id/15205763/,BE FORWARD : 2023 TOYOTA Prius,18360,18360.0,USD,TOYOTA NISSAN HONDA MAZDA MITSUBISHI SUBARU SUZUKI ISUZU DAIHATSU HINO LEXUS,6AA-ZVW60,,2023,Year,,Trans.,,Hybrid(Petrol),Automatic,2wheel drive,,Gray,Right,5,,CD253262,ZVW60-4004686,YOKOHAMA,2026-05-17T20:19:54.286610+00:00
beforward,https://www.beforward.jp/toyota/prius/cd253278/id/15205779/,BE FORWARD : 2024 TOYOTA Prius,21590,21590.0,USD,TOYOTA NISSAN HONDA MAZDA MITSUBISHI SUBARU SUZUKI ISUZU DAIHATSU HINO LEXUS,6AA-MXWH60,,2024,Year,,Trans.,,Hybrid(Petrol),Automatic,2wheel drive,,Pearl,Right,5,,CD253278,MXWH60-4066061,KYUSHU,2026-05-17T20:19:57.968847+00:00
beforward,https://www.beforward.jp/toyota/prius/cd253285/id/15205786/,BE FORWARD : 2023 TOYOTA Prius,17880,17880.0,USD,TOYOTA NISSAN HONDA MAZDA MITSUBISHI SUBARU SUZUKI ISUZU DAIHATSU HINO LEXUS,6AA-ZVW60,,2023,Year,,Trans.,,Hybrid(Petrol),Automatic,2wheel drive,,Black,Right,5,,CD253285,ZVW60-4020435,YOKOHAMA,2026-05-17T20:20:02.116969+00:00
beforward,https://www.beforward.jp/toyota/prius/cd253353/id/15205854/,BE FORWARD : 2024 TOYOTA Prius,19540,19540.0,USD,TOYOTA NISSAN HONDA MAZDA MITSUBISHI SUBARU SUZUKI ISUZU DAIHATSU HINO LEXUS,MXWH60,,2024,Year,,Trans.,,Hybrid(Petrol),Automatic,2wheel drive,,Gray,Right,5,,CD253353,MXWH60-4080757,NAGOYA,2026-05-17T20:20:09.405443+00:00
beforward,https://www.beforward.jp/toyota/prius/cd253360/id/15205861/,BE FORWARD : 2019 TOYOTA Prius,11930,11930.0,USD,TOYOTA NISSAN HONDA MAZDA MITSUBISHI SUBARU SUZUKI ISUZU DAIHATSU HINO LEXUS,DAA-ZVW51,,2019,Year,,Trans.,,Hybrid(Petrol),Automatic,2wheel drive,,Silver,Right,5,,CD253360,ZVW51-6103552,OSAKA,2026-05-17T20:20:13.214200+00:00
beforward,https://www.beforward.jp/toyota/prius/cd253874/id/15206377/,BE FORWARD : 2011 TOYOTA Prius,4080,4080.0,USD,TOYOTA NISSAN HONDA MAZDA MITSUBISHI SUBARU SUZUKI ISUZU DAIHATSU HINO LEXUS,-,,2011,Year,,Trans.,,Petrol,CVT,2wheel drive,,Red,Right,5,5,CD253874,---879,YOKOHAMA,2026-05-17T20:20:17.251705+00:00
beforward,https://www.beforward.jp/toyota/prius/cd253876/id/15206379/,BE FORWARD : 2011 TOYOTA Prius,2950,2950.0,USD,TOYOTA NISSAN HONDA MAZDA MITSUBISHI SUBARU SUZUKI ISUZU DAIHATSU HINO LEXUS,-,,2011,Year,,Trans.,,Petrol,CVT,2wheel drive,,Pearl,Right,5,5,CD253876,---790,YOKOHAMA,2026-05-17T20:20:21.038042+00:00
beforward,https://www.beforward.jp/toyota/prius/cd253917/id/15206420/,BE FORWARD : 2011 TOYOTA Prius,4560,4560.0,USD,TOYOTA NISSAN HONDA MAZDA MITSUBISHI SUBARU SUZUKI ISUZU DAIHATSU HINO LEXUS,DAA-ZVW30,,2011,Year,,Trans.,,Hybrid(Petrol),CVT,2wheel drive,,Blue,Right,5,5,CD253917,ZVW30-5251919,YOKOHAMA,2026-05-17T20:20:24.686090+00:00
beforward,https://www.beforward.jp/toyota/probox-van/cd253273/id/15205774/,BE FORWARD : 2021 TOYOTA Probox Van,9670,9670.0,USD,TOYOTA NISSAN HONDA MAZDA MITSUBISHI SUBARU SUZUKI ISUZU DAIHATSU HINO LEXUS,NSP160V,,2021,Year,,Trans.,,Petrol,Automatic,2wheel drive,,Gold,Right,5,,CD253273,NSP160-0057965,NAGOYA,2026-05-17T20:20:28.531371+00:00
beforward,https://www.beforward.jp/toyota/rav4/cd044607/id/14996327/,BE FORWARD : 2023 TOYOTA RAV4,22850,22850.0,USD,TOYOTA NISSAN HONDA MAZDA MITSUBISHI SUBARU SUZUKI ISUZU DAIHATSU HINO LEXUS,6AA-AXAH54,,2023,Year,,Trans.,,Hybrid(Petrol),Automatic,4wheel drive,,Gray,Right,5,,CD044607,AXAH54-4050156,NAGOYA,2026-05-17T20:20:32.412291+00:00
beforward,https://www.beforward.jp/toyota/rav4/cd253318/id/15205819/,BE FORWARD : 2022 TOYOTA RAV4,23510,23510.0,USD,TOYOTA NISSAN HONDA MAZDA MITSUBISHI SUBARU SUZUKI ISUZU DAIHATSU HINO LEXUS,AXAH54,,2022,Year,,Trans.,,Hybrid(Petrol),Automatic,4wheel drive,,Black,Right,5,,CD253318,AXAH54-4041757,NAGOYA,2026-05-17T20:20:41.216205+00:00
beforward,https://www.beforward.jp/toyota/rav4/cd253396/id/15205897/,BE FORWARD : 2021 TOYOTA RAV4,19770,19770.0,USD,TOYOTA NISSAN HONDA MAZDA MITSUBISHI SUBARU SUZUKI ISUZU DAIHATSU HINO LEXUS,6BA-MXAA54,,2021,Year,,Trans.,,Petrol,Automatic,4wheel drive,,Black,Right,5,,CD253396,MXAA54-4030390,NIIGATA,2026-05-17T20:20:48.619861+00:00
beforward,https://www.beforward.jp/toyota/sienta/bw726274/id/9989384/,BE FORWARD : 2015 TOYOTA Sienta,2670,2670.0,USD,2015/6,2015/6,2015/6,2015,Year,,Trans.,,Petrol,Automatic,2wheel drive,2015/6,2015/6,Right,5,7,BW726274,NCP81-5228750,YOKOHAMA,2026-05-17T20:20:52.212766+00:00
beforward,https://www.beforward.jp/toyota/sienta/cb565990/id/13627767/,BE FORWARD : 2019 TOYOTA Sienta,7950,7950.0,USD,TOYOTA NISSAN HONDA MAZDA MITSUBISHI SUBARU SUZUKI ISUZU DAIHATSU HINO LEXUS,DBA-NSP170G,,2019,Year,,Trans.,,Petrol,Automatic,2wheel drive,,Blue,Right,5,,CB565990,NSP170-7216470,OSAKA,2026-05-17T20:20:56.165531+00:00
beforward,https://www.beforward.jp/toyota/sienta/cd253200/id/15205701/,BE FORWARD : 2021 TOYOTA Sienta,13150,13150.0,USD,TOYOTA NISSAN HONDA MAZDA MITSUBISHI SUBARU SUZUKI ISUZU DAIHATSU HINO LEXUS,6AA-NHP170G,,2021,Year,,Trans.,,Hybrid(Petrol),Automatic,2wheel drive,,Pearl,Right,5,,CD253200,NHP170-7243612,YOKOHAMA,2026-05-17T20:20:59.840511+00:00
beforward,https://www.beforward.jp/toyota/sienta/cd253265/id/15205766/,BE FORWARD : 2023 TOYOTA Sienta,17820,17820.0,USD,TOYOTA NISSAN HONDA MAZDA MITSUBISHI SUBARU SUZUKI ISUZU DAIHATSU HINO LEXUS,6AA-MXPL10G,,2023,Year,,Trans.,,Hybrid(Petrol),Automatic,2wheel drive,,Pearl,Right,5,,CD253265,MXPL10-1033569,YOKOHAMA,2026-05-17T20:21:03.682746+00:00
beforward,https://www.beforward.jp/toyota/sienta/cd253362/id/15205863/,BE FORWARD : 2019 TOYOTA Sienta,10930,10930.0,USD,TOYOTA NISSAN HONDA MAZDA MITSUBISHI SUBARU SUZUKI ISUZU DAIHATSU HINO LEXUS,NSP170G,,2019,Year,,Trans.,,Petrol,Automatic,2wheel drive,,Red,Right,5,,CD253362,NSP170-7192196,OSAKA,2026-05-17T20:21:07.474702+00:00
beforward,https://www.beforward.jp/toyota/sienta/cd253918/id/15206421/,BE FORWARD : 2017 TOYOTA Sienta,7380,7380.0,USD,TOYOTA NISSAN HONDA MAZDA MITSUBISHI SUBARU SUZUKI ISUZU DAIHATSU HINO LEXUS,DBA-NSP170G,,2017,Year,,Trans.,,Petrol,CVT,2wheel drive,,Green,Right,5,7,CD253918,NSP170-77094884,YOKOHAMA,2026-05-17T20:21:11.292641+00:00
beforward,https://www.beforward.jp/toyota/townace-van/cd253266/id/15205767/,BE FORWARD : 2022 TOYOTA Townace Van,17550,17550.0,USD,TOYOTA NISSAN HONDA MAZDA MITSUBISHI SUBARU SUZUKI ISUZU DAIHATSU HINO LEXUS,S403M,,2022,Year,,Trans.,,Petrol,Automatic,2wheel drive,,White,Right,5,,CD253266,S403M-0014433,YOKOHAMA,2026-05-17T20:21:17.931544+00:00
beforward,https://www.beforward.jp/toyota/vellfire/cd209409/id/15162984/,BE FORWARD : 2015 TOYOTA Vellfire,8610,8610.0,USD,TOYOTA NISSAN HONDA MAZDA MITSUBISHI SUBARU SUZUKI ISUZU DAIHATSU HINO LEXUS,DBA-AGH35W,,2015,Year,,Trans.,,Petrol,Automatic,2wheel drive,,Black,Right,5,,CD209409,AGH35-0004784,NAGOYA,2026-05-17T20:21:21.712190+00:00
beforward,https://www.beforward.jp/toyota/vellfire/cd219510/id/15172661/,BE FORWARD : 2025 TOYOTA Vellfire,51000,51000.0,USD,TOYOTA NISSAN HONDA MAZDA MITSUBISHI SUBARU SUZUKI ISUZU DAIHATSU HINO LEXUS,5BA-TAHA40W,,2025,Year,,Trans.,,Petrol,Automatic,2wheel drive,,Black,Right,5,,CD219510,TAHA40-0012631,NAGOYA,2026-05-17T20:21:25.314590+00:00
beforward,https://www.beforward.jp/toyota/vellfire/cd253274/id/15205775/,BE FORWARD : 2014 TOYOTA Vellfire,11200,11200.0,USD,TOYOTA NISSAN HONDA MAZDA MITSUBISHI SUBARU SUZUKI ISUZU DAIHATSU HINO LEXUS,DBA-ANH20W,,2014,Year,,Trans.,,Petrol,Automatic,2wheel drive,,Black,Right,5,,CD253274,ANH20-8355105,YOKOHAMA,2026-05-17T20:21:30.339341+00:00
beforward,https://www.beforward.jp/toyota/voxy/cb871288/id/13935080/,BE FORWARD : 2019 TOYOTA Voxy,14840,14840.0,USD,TOYOTA NISSAN HONDA MAZDA MITSUBISHI SUBARU SUZUKI ISUZU DAIHATSU HINO LEXUS,DBA-ZRR80W,,2019,Year,,Trans.,,Petrol,Automatic,2wheel drive,,Black,Right,5,,CB871288,ZRR80-0544403,NAGOYA,2026-05-17T20:21:34.309531+00:00
beforward,https://www.beforward.jp/toyota/voxy/cc038430/id/14054233/,BE FORWARD : 2018 TOYOTA Voxy,10600,10600.0,USD,TOYOTA NISSAN HONDA MAZDA MITSUBISHI SUBARU SUZUKI ISUZU DAIHATSU HINO LEXUS,DBA-ZRR80W,,2018,Year,,Trans.,,Petrol,Automatic,2wheel drive,,Pearl,Right,5,,CC038430,ZRR80-0427820,NAGOYA,2026-05-17T20:21:38.323755+00:00
beforward,https://www.beforward.jp/toyota/voxy/cc101493/id/14125868/,BE FORWARD : 2009 TOYOTA Voxy,3140,3140.0,USD,TOYOTA NISSAN HONDA MAZDA MITSUBISHI SUBARU SUZUKI ISUZU DAIHATSU HINO LEXUS,DBA-ZRR75W,,2009,Year,,Trans.,,Petrol,Automatic,4wheel drive,,Pearl,Right,5,8,CC101493,ZRR75-0039477,YOKOHAMA,2026-05-17T20:21:42.929177+00:00
beforward,https://www.beforward.jp/toyota/voxy/cc720168/id/14741466/,BE FORWARD : 2018 TOYOTA Voxy,13780,13780.0,USD,TOYOTA NISSAN HONDA MAZDA MITSUBISHI SUBARU SUZUKI ISUZU DAIHATSU HINO LEXUS,DBA-ZRR80W,,2018,Year,,Trans.,,Petrol,Automatic,2wheel drive,,Black,Right,5,,CC720168,ZRR80-0449558,NAGOYA,2026-05-17T20:21:47.029992+00:00
beforward,https://www.beforward.jp/toyota/voxy/cd146673/id/15099642/,BE FORWARD : 2017 TOYOTA Voxy,14380,14380.0,USD,TOYOTA NISSAN HONDA MAZDA MITSUBISHI SUBARU SUZUKI ISUZU DAIHATSU HINO LEXUS,DBA-ZRR85W,,2017,Year,,Trans.,,Petrol,Automatic,4wheel drive,,Pearl,Right,5,,CD146673,ZRR85-0084256,NAGOYA,2026-05-17T20:21:51.090017+00:00
beforward,https://www.beforward.jp/toyota/voxy/cd253264/id/15205765/,BE FORWARD : 2023 TOYOTA Voxy,22080,22080.0,USD,TOYOTA NISSAN HONDA MAZDA MITSUBISHI SUBARU SUZUKI ISUZU DAIHATSU HINO LEXUS,6BA-MZRA90W,,2023,Year,,Trans.,,Petrol,Automatic,2wheel drive,,Pearl,Right,5,,CD253264,MZRA90-0040667,YOKOHAMA,2026-05-17T20:21:55.066230+00:00
beforward,https://www.beforward.jp/toyota/voxy/cd253315/id/15205816/,BE FORWARD : 2019 TOYOTA Voxy,15000,15000.0,USD,TOYOTA NISSAN HONDA MAZDA MITSUBISHI SUBARU SUZUKI ISUZU DAIHATSU HINO LEXUS,DBA-ZRR80W,,2019,Year,,Trans.,,Petrol,Automatic,2wheel drive,,Pearl,Right,5,,CD253315,ZRR80-0510652,KYUSHU,2026-05-17T20:21:59.253445+00:00
beforward,https://www.beforward.jp/toyota/voxy/cd253339/id/15205840/,BE FORWARD : 2018 TOYOTA Voxy,14310,14310.0,USD,TOYOTA NISSAN HONDA MAZDA MITSUBISHI SUBARU SUZUKI ISUZU DAIHATSU HINO LEXUS,DBA-ZRR80W,,2018,Year,,Trans.,,Petrol,Automatic,2wheel drive,,Black,Right,5,,CD253339,ZRR80-0407582,NAGOYA,2026-05-17T20:22:03.865097+00:00
beforward,https://www.beforward.jp/toyota/voxy/cd253357/id/15205858/,BE FORWARD : 2020 TOYOTA Voxy,18350,18350.0,USD,TOYOTA NISSAN HONDA MAZDA MITSUBISHI SUBARU SUZUKI ISUZU DAIHATSU HINO LEXUS,ZRR80W,,2020,Year,,Trans.,,Petrol,Automatic,2wheel drive,,Pearl,Right,5,,CD253357,ZRR80-0636148,NAGOYA,2026-05-17T20:22:07.848615+00:00
beforward,https://www.beforward.jp/toyota/voxy/cd253358/id/15205859/,BE FORWARD : 2023 TOYOTA Voxy,24380,24380.0,USD,TOYOTA NISSAN HONDA MAZDA MITSUBISHI SUBARU SUZUKI ISUZU DAIHATSU HINO LEXUS,MZRA90W,,2023,Year,,Trans.,,Petrol,Automatic,2wheel drive,,Pearl,Right,5,,CD253358,MZRA90-0080215,OSAKA,2026-05-17T20:22:11.966568+00:00
beforward,https://www.beforward.jp/toyota/voxy/cd253363/id/15205864/,BE FORWARD : 2011 TOYOTA Voxy,2320,2320.0,USD,TOYOTA NISSAN HONDA MAZDA MITSUBISHI SUBARU SUZUKI ISUZU DAIHATSU HINO LEXUS,DBA-ZRR75W,,2011,Year,,Trans.,,Petrol,Automatic,4wheel drive,,Black,Right,5,,CD253363,ZRR75-0084302,HOKKAIDO,2026-05-17T20:22:16.030522+00:00
beforward,https://www.beforward.jp/toyota/voxy/cd253373/id/15205874/,BE FORWARD : 2017 TOYOTA Voxy,11750,11750.0,USD,TOYOTA NISSAN HONDA MAZDA MITSUBISHI SUBARU SUZUKI ISUZU DAIHATSU HINO LEXUS,DBA-ZRR80W,,2017,Year,,Trans.,,Petrol,Automatic,2wheel drive,,Pearl,Right,5,,CD253373,ZRR80-0355810,NIIGATA,2026-05-17T20:22:21.284150+00:00
beforward,https://www.beforward.jp/toyota/voxy/cd253390/id/15205891/,BE FORWARD : 2020 TOYOTA Voxy,15970,15970.0,USD,TOYOTA NISSAN HONDA MAZDA MITSUBISHI SUBARU SUZUKI ISUZU DAIHATSU HINO LEXUS,ZRR80W,,2020,Year,,Trans.,,Petrol,Automatic,2wheel drive,,Black,Right,5,,CD253390,ZRR80-0604015,OSAKA,2026-05-17T20:22:25.553963+00:00
beforward,https://www.beforward.jp/toyota/voxy/cd253395/id/15205896/,BE FORWARD : 2021 TOYOTA Voxy,15240,15240.0,USD,TOYOTA NISSAN HONDA MAZDA MITSUBISHI SUBARU SUZUKI ISUZU DAIHATSU HINO LEXUS,ZRR80W,,2021,Year,,Trans.,,Petrol,Automatic,2wheel drive,,Black,Right,5,,CD253395,ZRR80-0675174,OSAKA,2026-05-17T20:22:33.999471+00:00
beforward,https://www.beforward.jp/toyota/voxy/cd253406/id/15205907/,BE FORWARD : 2024 TOYOTA Voxy,24540,24540.0,USD,TOYOTA NISSAN HONDA MAZDA MITSUBISHI SUBARU SUZUKI ISUZU DAIHATSU HINO LEXUS,6BA-MZRA90W,,2024,Year,,Trans.,,Petrol,Automatic,2wheel drive,,Black,Right,5,,CD253406,MZRA90-0104034,KYUSHU,2026-05-17T20:22:41.370115+00:00
beforward,https://www.beforward.jp/toyota/aqua/cd253177/id/15205678/,BE FORWARD : 2021 TOYOTA Aqua,10590,10590.0,USD,TOYOTA NISSAN HONDA MAZDA MITSUBISHI SUBARU SUZUKI ISUZU DAIHATSU HINO LEXUS,6AA-NHP10,,2021,Year,,Trans.,,Hybrid(Petrol),Automatic,2wheel drive,,Silver,Right,5,,CD253177,NHP10-2713163,YOKOHAMA,2026-05-17T20:22:46.759341+00:00
beforward,https://www.beforward.jp/toyota/aqua/cd253246/id/15205747/,BE FORWARD : 2017 TOYOTA Aqua,7290,7290.0,USD,TOYOTA NISSAN HONDA MAZDA MITSUBISHI SUBARU SUZUKI ISUZU DAIHATSU HINO LEXUS,NHP10,,2017,Year,,Trans.,,Hybrid(Petrol),Automatic,2wheel drive,,Pearl,Right,5,,CD253246,NHP10-6678340,KOBE,2026-05-17T20:22:51.777779+00:00
beforward,https://www.beforward.jp/toyota/aqua/cd253259/id/15205760/,BE FORWARD : 2025 TOYOTA Aqua,19840,19840.0,USD,TOYOTA NISSAN HONDA MAZDA MITSUBISHI SUBARU SUZUKI ISUZU DAIHATSU HINO LEXUS,6AA-MXPK11,,2025,Year,,Trans.,,Hybrid(Petrol),Automatic,2wheel drive,,Brown,Right,5,,CD253259,MXPK11-6026448,YOKOHAMA,2026-05-17T20:22:56.845140+00:00
beforward,https://www.beforward.jp/toyota/aqua/cd253311/id/15205812/,BE FORWARD : 2015 TOYOTA Aqua,6030,6030.0,USD,TOYOTA NISSAN HONDA MAZDA MITSUBISHI SUBARU SUZUKI ISUZU DAIHATSU HINO LEXUS,DAA-NHP10,,2015,Year,,Trans.,,Hybrid(Petrol),Automatic,2wheel drive,,Black,Right,5,,CD253311,NHP10-6391197,YOKOHAMA,2026-05-17T20:23:00.945792+00:00
beforward,https://www.beforward.jp/toyota/aqua/cd253352/id/15205853/,BE FORWARD : 2014 TOYOTA Aqua,8880,8880.0,USD,TOYOTA NISSAN HONDA MAZDA MITSUBISHI SUBARU SUZUKI ISUZU DAIHATSU HINO LEXUS,DAA-NHP10,,2014,Year,,Trans.,,Hybrid(Petrol),Automatic,2wheel drive,,Pearl,Right,5,,CD253352,NHP10-2290909,NAGOYA,2026-05-17T20:23:04.801519+00:00
beforward,https://www.beforward.jp/toyota/aqua/cd253383/id/15205884/,BE FORWARD : 2016 TOYOTA Aqua,6160,6160.0,USD,TOYOTA NISSAN HONDA MAZDA MITSUBISHI SUBARU SUZUKI ISUZU DAIHATSU HINO LEXUS,DAA-NHP10,,2016,Year,,Trans.,,Hybrid(Petrol),Automatic,2wheel drive,,Gray,Right,5,,CD253383,NHP10-2590625,OSAKA,2026-05-17T20:23:09.959975+00:00
beforward,https://www.beforward.jp/toyota/noah-hybrid/cb734025/id/13797552/,BE FORWARD : 2017 TOYOTA Noah Hybrid,15570,15570.0,USD,TOYOTA NISSAN HONDA MAZDA MITSUBISHI SUBARU SUZUKI ISUZU DAIHATSU HINO LEXUS,DAA-ZWR80W,,2017,Year,,Trans.,,Hybrid(Petrol),Automatic,2wheel drive,,Black,Right,5,,CB734025,ZWR80-0278530,NAGOYA,2026-05-17T20:23:13.698918+00:00
